<?xml version='1.0' encoding='UTF-8'?>
<faces-config version="2.2"
              xmlns="http://xmlns.jcp.org/xml/ns/javaee"
              xmlns:xsi="http://www.w3.org/2001/XMLSchema-instance"
              xsi:schemaLocation="http://xmlns.jcp.org/xml/ns/javaee http://xmlns.jcp.org/xml/ns/javaee/web-facesconfig_2_2.xsd">
   
    <navigation-rule>
        <from-view-id>/protected/SearchResults.xhtml</from-view-id>˙
        <navigation-case>
            <from-outcome>UserVisibile</from-outcome>	            
            <to-view-id>/protected/user/UserCalendar.xhtml</to-view-id>
            <redirect/>
        </navigation-case>
    </navigation-rule>
    
    <navigation-rule>
        <from-view-id>/protected/SearchResults.xhtml</from-view-id>˙   
        <navigation-case>
            <from-outcome>UserNoVisible</from-outcome>
            <to-view-id>/protected/user/UserNoVisibility.xhtml</to-view-id>
            <redirect/>	        
        </navigation-case>
    </navigation-rule>
   
    <navigation-rule>
        <from-view-id>/protected/*</from-view-id>˙   
        <navigation-case>
            <from-outcome>Error</from-outcome>
            <to-view-id>/Error.xhtml</to-view-id>	   
            <redirect/>     
        </navigation-case>
    </navigation-rule>
    
    
    <navigation-rule>
        <from-view-id>/protected/personal/HomeCalendar.xhtml</from-view-id>˙
        <navigation-case>
            <from-outcome>EventCreator</from-outcome>	            
            <to-view-id>/protected/event/EventPage.xhtml</to-view-id>
            <redirect/>
        </navigation-case>
    </navigation-rule>
    
    <navigation-rule>
        <from-view-id>/protected/personal/HomeCalendar.xhtml</from-view-id>˙     
        <navigation-case>
            <from-outcome>EventVisible</from-outcome>
            <to-view-id>/protected/event/EventPage.xhtml</to-view-id>
            <redirect/>	        
        </navigation-case>
    </navigation-rule>
    
    <navigation-rule>
        <from-view-id>/protected/personal/HomeCalendar.xhtml</from-view-id>˙
        <navigation-case>
            <from-outcome>EventNoVisible</from-outcome>
            <to-view-id>/protected/event/EventPage.xhtml</to-view-id>
            <redirect/>
        </navigation-case>
    </navigation-rule>
    
    <navigation-rule>
        <from-view-id>/protected/event/EventPage.xhtml</from-view-id>˙
        <navigation-case>
            <from-outcome>EventCreator</from-outcome>	            
            <to-view-id>/protected/event/EventPageCreator.xhtml</to-view-id>
            <redirect/>
        </navigation-case>
    </navigation-rule>
    
    <navigation-rule>
        <from-view-id>/protected/event/EventPage.xhtml</from-view-id>˙        
        <navigation-case>
            <from-outcome>EventViewer</from-outcome>
            <to-view-id>/protected/event/EventPageViewer.xhtml</to-view-id>
            <redirect/>        
        </navigation-case>
    </navigation-rule>
    
    <navigation-rule>
        <from-view-id>/protected/event/EventPage.xhtml</from-view-id>˙
        <navigation-case>
            <from-outcome>EventNoVisible</from-outcome>
            <to-view-id>/protected/event/EventPageNoVisibility.xhtml</to-view-id>
            <redirect/>
        </navigation-case>
    </navigation-rule>
    
    <navigation-rule>
        <from-view-id>/protected/event/EventPage.xhtml</from-view-id>˙        
        <navigation-case>
            <from-outcome>Home</from-outcome>
            <to-view-id>/protected/personal/HomeCalendar.xhtml</to-view-id>
            <redirect/>
        </navigation-case>		
    </navigation-rule>
    
    <navigation-rule>
        <from-view-id>/protected/user/UserCalendar.xhtml</from-view-id>˙
        <navigation-case>
            <from-outcome>EventNoVisible</from-outcome>
            <to-view-id>/protected/eventEventPage.xhtml</to-view-id>
            <redirect/>
        </navigation-case>
    </navigation-rule>
    
    <navigation-rule>
        <from-view-id>/protected/user/UserCalendar.xhtml</from-view-id>˙
        <navigation-case>
            <from-outcome>EventCreator</from-outcome>
            <to-view-id>/protected/event/EventPage.xhtml</to-view-id>
            <redirect/>
        </navigation-case>
    </navigation-rule>
    
    <navigation-rule>
        <from-view-id>/protected/user/UserCalendar.xhtml</from-view-id>˙
        <navigation-case>
            <from-outcome>Viewer</from-outcome>
            <to-view-id>/protected/event/EventPage.xhtml</to-view-id>
            <redirect/>
        </navigation-case>
    </navigation-rule>
      
    <converter>
        <description>A converter for weather conditions</description>
        <converter-id>WeatherConditionsConverter</converter-id>
        <converter-class>com.meteocal.web.converters.WeatherConditionsConverter</converter-class>
    </converter>
    <converter>
        <description>A converter for the time formats</description>
        <converter-id>TimeConverter</converter-id>
        <converter-class>com.meteocal.web.converters.TimeConverter</converter-class>
    </converter>
    <converter>
        <description>A converter for booleans</description>
        <converter-id>BooleanConverter</converter-id>
        <converter-class>com.meteocal.web.converters.BooleanConverter</converter-class>
    </converter>
</faces-config>
